k,home_k,at_risk,hazard
1,10,106,0.09433962264150944
2,7,85,0.08235294117647059
3,5,64,0.078125
4,3,46,0.06521739130434782
5,4,33,0.12121212121212122
6,3,19,0.15789473684210525
7,2,14,0.14285714285714285
8,1,12,0.08333333333333333
9,2,11,0.18181818181818182
10,0,7,0.0
11,1,7,0.14285714285714285
12,0,6,0.0
13,2,4,0.5
14,0,2,0.0
15,1,2,0.5
16,0,1,0.0
17,0,1,0.0
18,0,1,0.0
19,0,1,0.0
20,0,1,0.0
21,0,1,0.0
22,0,1,0.0
23,0,1,0.0
24,0,1,0.0
25,0,1,0.0
26,0,0,
27,0,0,
28,0,0,
29,0,0,
30,0,0,
