k,home_k,at_risk,hazard
1,19,93,0.20430107526881722
2,13,75,0.17333333333333334
3,7,61,0.11475409836065574
4,7,47,0.14893617021276595
5,8,36,0.2222222222222222
6,1,30,0.03333333333333333
7,3,25,0.12
8,6,22,0.2727272727272727
9,3,15,0.2
10,2,11,0.18181818181818182
11,1,7,0.14285714285714285
12,0,7,0.0
13,1,4,0.25
14,0,2,0.0
15,0,1,0.0
16,0,0,
17,0,0,
18,0,0,
19,0,0,
20,0,0,
21,0,0,
22,0,0,
23,0,0,
24,0,0,
25,0,0,
26,0,0,
27,0,0,
28,0,0,
29,0,0,
30,0,0,
