k,home_k,at_risk,hazard
1,36,81,0.4444444444444444
2,12,49,0.24489795918367346
3,2,37,0.05405405405405406
4,8,32,0.25
5,5,25,0.2
6,3,21,0.14285714285714285
7,1,18,0.05555555555555555
8,3,16,0.1875
9,1,13,0.07692307692307693
10,1,12,0.08333333333333333
11,3,11,0.2727272727272727
12,2,8,0.25
13,0,5,0.0
14,1,5,0.2
15,0,4,0.0
16,0,4,0.0
17,1,4,0.25
18,1,3,0.3333333333333333
19,0,2,0.0
20,0,2,0.0
21,0,2,0.0
22,0,1,0.0
23,0,1,0.0
24,0,0,
25,0,0,
26,0,0,
27,0,0,
28,0,0,
29,0,0,
30,0,0,
