k,pv_cnt,pn_cnt,n,pv_rate
1,25,68,93,0.26881720430107525
2,21,54,75,0.28
3,19,42,61,0.3114754098360656
4,13,34,47,0.2765957446808511
5,14,22,36,0.3888888888888889
6,13,17,30,0.43333333333333335
7,6,19,25,0.24
8,7,15,22,0.3181818181818182
9,4,11,15,0.26666666666666666
10,1,10,11,0.09090909090909091
11,2,5,7,0.2857142857142857
12,2,5,7,0.2857142857142857
13,2,2,4,0.5
14,0,2,2,0.0
15,0,1,1,0.0
