k,pv_cnt,pn_cnt,n,pv_rate
1,10,71,81,0.12345679012345678
2,16,33,49,0.32653061224489793
3,14,23,37,0.3783783783783784
4,11,21,32,0.34375
5,10,15,25,0.4
6,7,14,21,0.3333333333333333
7,8,10,18,0.4444444444444444
8,4,12,16,0.25
9,4,9,13,0.3076923076923077
10,5,7,12,0.4166666666666667
11,5,6,11,0.45454545454545453
12,3,5,8,0.375
13,2,3,5,0.4
14,1,4,5,0.2
15,2,2,4,0.5
16,3,1,4,0.75
17,0,4,4,0.0
18,0,3,3,0.0
19,0,2,2,0.0
20,0,2,2,0.0
21,2,0,2,1.0
22,1,0,1,1.0
23,0,1,1,0.0
