k,pv_cnt,pn_cnt,n,pv_rate
1,28,89,117,0.23931623931623933
2,21,83,104,0.20192307692307693
3,23,66,89,0.25842696629213485
4,17,57,74,0.22972972972972974
5,15,39,54,0.2777777777777778
6,9,33,42,0.21428571428571427
7,7,27,34,0.20588235294117646
8,2,25,27,0.07407407407407407
9,5,17,22,0.22727272727272727
10,4,13,17,0.23529411764705882
11,5,8,13,0.38461538461538464
12,2,7,9,0.2222222222222222
13,2,5,7,0.2857142857142857
14,1,5,6,0.16666666666666666
15,0,3,3,0.0
16,0,2,2,0.0
17,0,1,1,0.0
